{
    "rmse": 0.8050018430338449,
    "mae": 0.6598186702176809,
    "r2": 0.008382315182838385
}